OrderID,Customer,Product,Quantity,Date,PricePerUnit,Category,TotalPrice
1,Niloofar,Monitor,1,2024-03-03,7000,Electronics,7000
2,Mohammad,Charger,1,2024-04-13,400,Mobile,400
3,Fatemeh,Monitor,1,2024-03-23,7000,Electronics,7000
4,Parisa,Camera,1,2024-04-12,9000,Photography,9000
5,Reza,Charger,1,2024-06-04,400,Mobile,400
6,Reza,Laptop,2,2024-01-17,20000,Electronics,40000
7,Parisa,Camera,3,2024-01-06,9000,Photography,27000
8,Hossein,Monitor,1,2024-05-26,7000,Electronics,7000
9,Parisa,Mouse,3,2024-01-28,300,Accessories,900
10,Reza,Monitor,3,2024-02-07,7000,Electronics,21000
11,Niloofar,Keyboard,2,2024-04-28,500,Accessories,1000
12,Ali,Phone,1,2024-02-06,12000,Mobile,12000
13,Ali,Headphones,2,2024-04-24,1500,Accessories,3000
14,Fatemeh,Mouse,1,2024-03-08,300,Accessories,300
15,Fatemeh,Keyboard,2,2024-06-25,500,Accessories,1000
16,Parisa,Charger,3,2024-02-12,400,Mobile,1200
17,Sara,Phone,1,2024-06-12,12000,Mobile,12000
18,Parisa,Laptop,4,2024-02-27,20000,Electronics,80000
19,Hossein,Mouse,3,2024-01-13,300,Accessories,900
20,Parisa,Headphones,4,2024-02-21,1500,Accessories,6000
21,Fatemeh,Phone,3,2024-02-27,12000,Mobile,36000
22,Ali,Charger,2,2024-02-01,400,Mobile,800
23,Reza,Camera,1,2024-04-14,9000,Photography,9000
24,Parisa,Camera,3,2024-03-23,9000,Photography,27000
25,Reza,Headphones,2,2024-04-08,1500,Accessories,3000
26,Reza,Laptop,1,2024-04-13,20000,Electronics,20000
27,Sara,Laptop,1,2024-01-28,20000,Electronics,20000
28,Reza,Charger,3,2024-05-08,400,Mobile,1200
29,Ali,Mouse,1,2024-06-18,300,Accessories,300
30,Niloofar,Charger,3,2024-02-17,400,Mobile,1200
31,Niloofar,Monitor,1,2024-02-09,7000,Electronics,7000
32,Mohammad,Laptop,4,2024-04-06,20000,Electronics,80000
33,Hossein,Phone,2,2024-04-23,12000,Mobile,24000
34,Parisa,Monitor,4,2024-05-11,7000,Electronics,28000
35,Hossein,Camera,3,2024-06-14,9000,Photography,27000
36,Ali,Camera,4,2024-06-03,9000,Photography,36000
37,Reza,Keyboard,3,2024-05-16,500,Accessories,1500
38,Niloofar,Headphones,1,2024-04-20,1500,Accessories,1500
39,Hossein,Monitor,1,2024-05-23,7000,Electronics,7000
40,Ali,Headphones,3,2024-03-16,1500,Accessories,4500
41,Niloofar,Charger,4,2024-01-31,400,Mobile,1600
42,Reza,Monitor,1,2024-04-28,7000,Electronics,7000
43,Hossein,Charger,2,2024-05-21,400,Mobile,800
44,Niloofar,Keyboard,1,2024-01-25,500,Accessories,500
45,Parisa,Laptop,2,2024-02-03,20000,Electronics,40000
46,Fatemeh,Camera,4,2024-03-07,9000,Photography,36000
47,Parisa,Keyboard,2,2024-05-31,500,Accessories,1000
48,Mohammad,Camera,2,2024-04-27,9000,Photography,18000
49,Mohammad,Laptop,2,2024-03-13,20000,Electronics,40000
50,Niloofar,Charger,2,2024-01-26,400,Mobile,800
51,Fatemeh,Laptop,1,2024-05-27,20000,Electronics,20000
52,Ali,Camera,2,2024-04-13,9000,Photography,18000
53,Parisa,Camera,1,2024-01-10,9000,Photography,9000
54,Ali,Headphones,2,2024-03-07,1500,Accessories,3000
55,Fatemeh,Phone,3,2024-05-31,12000,Mobile,36000
56,Ali,Keyboard,4,2024-01-05,500,Accessories,2000
57,Fatemeh,Monitor,2,2024-01-27,7000,Electronics,14000
58,Niloofar,Camera,3,2024-04-22,9000,Photography,27000
59,Ali,Keyboard,2,2024-01-15,500,Accessories,1000
60,Parisa,Headphones,2,2024-06-11,1500,Accessories,3000
61,Reza,Laptop,2,2024-04-14,20000,Electronics,40000
62,Mohammad,Headphones,3,2024-02-13,1500,Accessories,4500
63,Reza,Mouse,4,2024-01-26,300,Accessories,1200
64,Ali,Mouse,3,2024-06-23,300,Accessories,900
65,Reza,Monitor,4,2024-06-10,7000,Electronics,28000
66,Parisa,Headphones,2,2024-04-04,1500,Accessories,3000
67,Parisa,Charger,1,2024-06-26,400,Mobile,400
68,Ali,Monitor,2,2024-03-24,7000,Electronics,14000
69,Niloofar,Charger,4,2024-05-19,400,Mobile,1600
70,Reza,Monitor,3,2024-05-11,7000,Electronics,21000
71,Niloofar,Mouse,2,2024-03-27,300,Accessories,600
72,Niloofar,Monitor,3,2024-06-24,7000,Electronics,21000
73,Fatemeh,Mouse,3,2024-04-21,300,Accessories,900
74,Sara,Camera,3,2024-05-08,9000,Photography,27000
75,Ali,Laptop,2,2024-03-29,20000,Electronics,40000
76,Mohammad,Charger,3,2024-03-06,400,Mobile,1200
77,Parisa,Headphones,3,2024-06-06,1500,Accessories,4500
78,Parisa,Camera,2,2024-05-10,9000,Photography,18000
79,Ali,Camera,3,2024-05-01,9000,Photography,27000
80,Fatemeh,Monitor,2,2024-05-28,7000,Electronics,14000
81,Hossein,Mouse,4,2024-03-24,300,Accessories,1200
82,Hossein,Keyboard,4,2024-06-25,500,Accessories,2000
83,Hossein,Charger,4,2024-04-25,400,Mobile,1600
84,Fatemeh,Camera,3,2024-04-25,9000,Photography,27000
85,Mohammad,Monitor,1,2024-02-07,7000,Electronics,7000
86,Parisa,Phone,1,2024-05-22,12000,Mobile,12000
87,Ali,Laptop,3,2024-04-19,20000,Electronics,60000
88,Fatemeh,Laptop,1,2024-06-28,20000,Electronics,20000
89,Parisa,Keyboard,2,2024-02-15,500,Accessories,1000
90,Niloofar,Mouse,1,2024-01-25,300,Accessories,300
91,Reza,Monitor,3,2024-01-21,7000,Electronics,21000
92,Reza,Charger,3,2024-04-30,400,Mobile,1200
93,Fatemeh,Mouse,2,2024-05-01,300,Accessories,600
94,Parisa,Laptop,4,2024-05-12,20000,Electronics,80000
95,Sara,Mouse,3,2024-03-10,300,Accessories,900
96,Mohammad,Laptop,2,2024-04-22,20000,Electronics,40000
97,Hossein,Mouse,1,2024-04-16,300,Accessories,300
98,Mohammad,Keyboard,1,2024-04-21,500,Accessories,500
99,Mohammad,Headphones,2,2024-04-17,1500,Accessories,3000
100,Fatemeh,Keyboard,2,2024-02-16,500,Accessories,1000
101,Niloofar,Keyboard,3,2024-03-31,500,Accessories,1500
102,Mohammad,Headphones,1,2024-01-18,1500,Accessories,1500
103,Reza,Headphones,2,2024-05-28,1500,Accessories,3000
104,Niloofar,Camera,1,2024-04-13,9000,Photography,9000
105,Ali,Camera,2,2024-05-30,9000,Photography,18000
106,Mohammad,Monitor,1,2024-02-09,7000,Electronics,7000
107,Mohammad,Charger,4,2024-05-17,400,Mobile,1600
108,Ali,Charger,3,2024-03-29,400,Mobile,1200
109,Mohammad,Monitor,1,2024-06-28,7000,Electronics,7000
110,Ali,Keyboard,4,2024-03-01,500,Accessories,2000
111,Niloofar,Keyboard,1,2024-01-05,500,Accessories,500
112,Reza,Laptop,1,2024-05-01,20000,Electronics,20000
113,Ali,Laptop,4,2024-02-24,20000,Electronics,80000
114,Sara,Charger,1,2024-02-06,400,Mobile,400
115,Fatemeh,Monitor,1,2024-02-25,7000,Electronics,7000
116,Fatemeh,Phone,3,2024-04-11,12000,Mobile,36000
117,Ali,Camera,4,2024-04-02,9000,Photography,36000
118,Fatemeh,Phone,4,2024-03-13,12000,Mobile,48000
119,Mohammad,Monitor,2,2024-02-28,7000,Electronics,14000
120,Hossein,Laptop,1,2024-01-02,20000,Electronics,20000
121,Hossein,Charger,3,2024-04-13,400,Mobile,1200
122,Fatemeh,Charger,1,2024-02-20,400,Mobile,400
123,Niloofar,Laptop,1,2024-01-30,20000,Electronics,20000
124,Parisa,Phone,2,2024-01-11,12000,Mobile,24000
125,Niloofar,Mouse,1,2024-04-17,300,Accessories,300
126,Parisa,Mouse,3,2024-03-16,300,Accessories,900
127,Hossein,Laptop,3,2024-06-15,20000,Electronics,60000
128,Hossein,Mouse,2,2024-03-30,300,Accessories,600
129,Ali,Headphones,1,2024-05-02,1500,Accessories,1500
130,Reza,Monitor,3,2024-05-04,7000,Electronics,21000
131,Sara,Monitor,1,2024-05-01,7000,Electronics,7000
132,Niloofar,Laptop,1,2024-04-03,20000,Electronics,20000
133,Mohammad,Keyboard,1,2024-04-12,500,Accessories,500
134,Parisa,Camera,2,2024-06-10,9000,Photography,18000
135,Fatemeh,Phone,1,2024-01-31,12000,Mobile,12000
136,Mohammad,Laptop,3,2024-02-21,20000,Electronics,60000
137,Reza,Mouse,1,2024-03-29,300,Accessories,300
138,Parisa,Phone,3,2024-03-16,12000,Mobile,36000
139,Niloofar,Keyboard,1,2024-05-08,500,Accessories,500
140,Ali,Mouse,3,2024-01-22,300,Accessories,900
141,Mohammad,Charger,3,2024-02-09,400,Mobile,1200
142,Reza,Camera,1,2024-04-10,9000,Photography,9000
143,Niloofar,Headphones,1,2024-04-20,1500,Accessories,1500
144,Hossein,Mouse,3,2024-05-08,300,Accessories,900
145,Hossein,Headphones,4,2024-03-05,1500,Accessories,6000
146,Niloofar,Phone,2,2024-06-18,12000,Mobile,24000
147,Niloofar,Headphones,4,2024-05-28,1500,Accessories,6000
148,Niloofar,Phone,4,2024-03-19,12000,Mobile,48000
149,Parisa,Phone,1,2024-01-22,12000,Mobile,12000
150,Niloofar,Phone,2,2024-06-14,12000,Mobile,24000
151,Mohammad,Phone,4,2024-04-08,12000,Mobile,48000
152,Reza,Phone,1,2024-01-08,12000,Mobile,12000
153,Parisa,Mouse,4,2024-06-23,300,Accessories,1200
154,Niloofar,Phone,4,2024-01-17,12000,Mobile,48000
155,Sara,Mouse,1,2024-01-17,300,Accessories,300
156,Fatemeh,Phone,1,2024-03-30,12000,Mobile,12000
157,Sara,Headphones,1,2024-05-20,1500,Accessories,1500
158,Reza,Charger,2,2024-05-24,400,Mobile,800
159,Hossein,Phone,4,2024-06-14,12000,Mobile,48000
160,Ali,Keyboard,1,2024-03-21,500,Accessories,500
161,Ali,Phone,3,2024-03-18,12000,Mobile,36000
162,Fatemeh,Phone,4,2024-06-21,12000,Mobile,48000
163,Hossein,Headphones,3,2024-01-06,1500,Accessories,4500
164,Parisa,Camera,2,2024-06-11,9000,Photography,18000
165,Parisa,Monitor,1,2024-04-19,7000,Electronics,7000
166,Parisa,Headphones,3,2024-01-14,1500,Accessories,4500
167,Ali,Keyboard,2,2024-03-12,500,Accessories,1000
168,Sara,Monitor,1,2024-05-22,7000,Electronics,7000
169,Ali,Laptop,3,2024-02-23,20000,Electronics,60000
170,Mohammad,Laptop,3,2024-01-27,20000,Electronics,60000
171,Niloofar,Camera,2,2024-01-13,9000,Photography,18000
172,Parisa,Keyboard,1,2024-06-07,500,Accessories,500
173,Sara,Headphones,1,2024-06-11,1500,Accessories,1500
174,Reza,Mouse,3,2024-02-29,300,Accessories,900
175,Fatemeh,Keyboard,3,2024-01-06,500,Accessories,1500
176,Reza,Charger,3,2024-02-27,400,Mobile,1200
177,Niloofar,Monitor,1,2024-02-18,7000,Electronics,7000
178,Sara,Monitor,2,2024-05-30,7000,Electronics,14000
179,Ali,Phone,2,2024-06-10,12000,Mobile,24000
180,Ali,Laptop,1,2024-01-26,20000,Electronics,20000
181,Mohammad,Camera,4,2024-02-16,9000,Photography,36000
182,Mohammad,Monitor,2,2024-01-05,7000,Electronics,14000
183,Ali,Keyboard,3,2024-01-20,500,Accessories,1500
184,Reza,Monitor,4,2024-05-13,7000,Electronics,28000
185,Fatemeh,Camera,4,2024-02-28,9000,Photography,36000
186,Parisa,Camera,2,2024-05-25,9000,Photography,18000
187,Reza,Camera,4,2024-05-11,9000,Photography,36000
188,Fatemeh,Keyboard,4,2024-01-17,500,Accessories,2000
189,Mohammad,Mouse,2,2024-01-14,300,Accessories,600
190,Niloofar,Phone,2,2024-01-13,12000,Mobile,24000
191,Fatemeh,Laptop,4,2024-05-14,20000,Electronics,80000
192,Ali,Monitor,3,2024-05-07,7000,Electronics,21000
193,Mohammad,Keyboard,1,2024-02-13,500,Accessories,500
194,Mohammad,Headphones,4,2024-04-28,1500,Accessories,6000
195,Parisa,Laptop,4,2024-05-22,20000,Electronics,80000
196,Ali,Mouse,3,2024-01-19,300,Accessories,900
197,Parisa,Keyboard,4,2024-03-03,500,Accessories,2000
198,Ali,Charger,4,2024-06-11,400,Mobile,1600
199,Parisa,Charger,1,2024-03-21,400,Mobile,400
200,Fatemeh,Phone,1,2024-06-11,12000,Mobile,12000
201,Reza,Phone,1,2024-05-26,12000,Mobile,12000
202,Niloofar,Mouse,2,2024-05-27,300,Accessories,600
203,Niloofar,Mouse,2,2024-04-09,300,Accessories,600
204,Ali,Phone,1,2024-06-11,12000,Mobile,12000
205,Sara,Monitor,1,2024-06-08,7000,Electronics,7000
206,Hossein,Monitor,2,2024-05-01,7000,Electronics,14000
207,Mohammad,Keyboard,3,2024-06-24,500,Accessories,1500
208,Mohammad,Headphones,4,2024-02-13,1500,Accessories,6000
209,Ali,Keyboard,4,2024-04-13,500,Accessories,2000
210,Fatemeh,Headphones,1,2024-05-31,1500,Accessories,1500
211,Parisa,Mouse,3,2024-03-01,300,Accessories,900
212,Sara,Laptop,2,2024-05-04,20000,Electronics,40000
213,Reza,Keyboard,1,2024-05-24,500,Accessories,500
214,Parisa,Keyboard,3,2024-03-11,500,Accessories,1500
215,Parisa,Headphones,3,2024-04-16,1500,Accessories,4500
216,Ali,Camera,3,2024-02-19,9000,Photography,27000
217,Ali,Mouse,2,2024-03-05,300,Accessories,600
218,Fatemeh,Mouse,2,2024-04-08,300,Accessories,600
219,Mohammad,Charger,4,2024-02-01,400,Mobile,1600
220,Ali,Camera,4,2024-06-12,9000,Photography,36000
221,Ali,Headphones,3,2024-05-20,1500,Accessories,4500
222,Ali,Mouse,3,2024-02-27,300,Accessories,900
223,Fatemeh,Camera,2,2024-05-07,9000,Photography,18000
224,Mohammad,Phone,4,2024-05-21,12000,Mobile,48000
225,Reza,Camera,3,2024-06-13,9000,Photography,27000
226,Reza,Monitor,4,2024-04-21,7000,Electronics,28000
227,Hossein,Charger,4,2024-03-08,400,Mobile,1600
228,Hossein,Phone,3,2024-02-09,12000,Mobile,36000
229,Ali,Laptop,2,2024-05-23,20000,Electronics,40000
230,Hossein,Keyboard,3,2024-05-11,500,Accessories,1500
231,Mohammad,Charger,3,2024-06-21,400,Mobile,1200
232,Fatemeh,Laptop,4,2024-03-30,20000,Electronics,80000
233,Reza,Keyboard,3,2024-01-28,500,Accessories,1500
234,Parisa,Monitor,2,2024-04-05,7000,Electronics,14000
235,Reza,Camera,3,2024-01-31,9000,Photography,27000
236,Reza,Mouse,2,2024-01-03,300,Accessories,600
237,Mohammad,Phone,2,2024-05-15,12000,Mobile,24000
238,Hossein,Headphones,4,2024-01-24,1500,Accessories,6000
239,Parisa,Phone,1,2024-01-15,12000,Mobile,12000
240,Mohammad,Monitor,1,2024-06-19,7000,Electronics,7000
241,Ali,Laptop,4,2024-06-07,20000,Electronics,80000
242,Fatemeh,Headphones,3,2024-02-14,1500,Accessories,4500
243,Niloofar,Mouse,4,2024-01-08,300,Accessories,1200
244,Reza,Monitor,2,2024-03-11,7000,Electronics,14000
245,Niloofar,Headphones,1,2024-04-17,1500,Accessories,1500
246,Fatemeh,Monitor,4,2024-04-24,7000,Electronics,28000
247,Fatemeh,Camera,3,2024-04-12,9000,Photography,27000
248,Mohammad,Monitor,4,2024-05-04,7000,Electronics,28000
249,Mohammad,Mouse,1,2024-02-26,300,Accessories,300
250,Mohammad,Charger,4,2024-01-30,400,Mobile,1600
251,Niloofar,Keyboard,4,2024-05-25,500,Accessories,2000
252,Mohammad,Headphones,1,2024-04-23,1500,Accessories,1500
253,Fatemeh,Camera,2,2024-04-26,9000,Photography,18000
254,Ali,Mouse,2,2024-06-15,300,Accessories,600
255,Mohammad,Monitor,1,2024-02-29,7000,Electronics,7000
256,Sara,Camera,4,2024-04-07,9000,Photography,36000
257,Hossein,Mouse,1,2024-06-19,300,Accessories,300
258,Niloofar,Charger,2,2024-05-05,400,Mobile,800
259,Sara,Camera,3,2024-06-21,9000,Photography,27000
260,Mohammad,Camera,4,2024-05-30,9000,Photography,36000
261,Fatemeh,Keyboard,2,2024-04-03,500,Accessories,1000
262,Ali,Phone,4,2024-05-13,12000,Mobile,48000
263,Reza,Headphones,1,2024-05-01,1500,Accessories,1500
264,Parisa,Keyboard,3,2024-04-17,500,Accessories,1500
265,Hossein,Laptop,1,2024-01-04,20000,Electronics,20000
266,Parisa,Headphones,3,2024-04-02,1500,Accessories,4500
267,Mohammad,Keyboard,4,2024-05-30,500,Accessories,2000
268,Hossein,Monitor,4,2024-01-06,7000,Electronics,28000
269,Hossein,Headphones,1,2024-02-01,1500,Accessories,1500
270,Ali,Headphones,3,2024-04-15,1500,Accessories,4500
271,Hossein,Mouse,3,2024-05-25,300,Accessories,900
272,Niloofar,Monitor,4,2024-01-15,7000,Electronics,28000
273,Sara,Laptop,1,2024-06-16,20000,Electronics,20000
274,Sara,Phone,3,2024-05-01,12000,Mobile,36000
275,Sara,Camera,4,2024-04-05,9000,Photography,36000
276,Niloofar,Charger,2,2024-01-06,400,Mobile,800
277,Parisa,Keyboard,1,2024-04-21,500,Accessories,500
278,Ali,Mouse,2,2024-04-29,300,Accessories,600
279,Hossein,Keyboard,1,2024-05-02,500,Accessories,500
280,Niloofar,Laptop,4,2024-03-07,20000,Electronics,80000
281,Sara,Camera,3,2024-04-15,9000,Photography,27000
282,Mohammad,Laptop,3,2024-05-18,20000,Electronics,60000
283,Reza,Headphones,3,2024-02-12,1500,Accessories,4500
284,Hossein,Charger,1,2024-05-24,400,Mobile,400
285,Niloofar,Laptop,4,2024-04-05,20000,Electronics,80000
286,Fatemeh,Keyboard,2,2024-05-11,500,Accessories,1000
287,Niloofar,Monitor,4,2024-03-21,7000,Electronics,28000
288,Ali,Monitor,2,2024-02-10,7000,Electronics,14000
289,Ali,Headphones,1,2024-05-12,1500,Accessories,1500
290,Niloofar,Phone,1,2024-06-08,12000,Mobile,12000
291,Sara,Keyboard,2,2024-02-04,500,Accessories,1000
292,Reza,Keyboard,2,2024-01-22,500,Accessories,1000
293,Hossein,Laptop,2,2024-05-29,20000,Electronics,40000
294,Ali,Charger,4,2024-04-21,400,Mobile,1600
295,Hossein,Keyboard,2,2024-01-11,500,Accessories,1000
296,Sara,Mouse,1,2024-01-03,300,Accessories,300
297,Hossein,Phone,1,2024-05-16,12000,Mobile,12000
298,Mohammad,Laptop,3,2024-02-29,20000,Electronics,60000
299,Ali,Mouse,2,2024-03-16,300,Accessories,600
300,Sara,Headphones,4,2024-03-27,1500,Accessories,6000
301,Sara,Monitor,4,2024-01-14,7000,Electronics,28000
302,Reza,Headphones,4,2024-01-18,1500,Accessories,6000
303,Reza,Monitor,3,2024-04-22,7000,Electronics,21000
304,Mohammad,Headphones,1,2024-03-13,1500,Accessories,1500
305,Sara,Keyboard,4,2024-01-23,500,Accessories,2000
306,Parisa,Mouse,1,2024-03-23,300,Accessories,300
307,Sara,Monitor,3,2024-05-04,7000,Electronics,21000
308,Reza,Laptop,2,2024-06-23,20000,Electronics,40000
309,Parisa,Mouse,2,2024-03-09,300,Accessories,600
310,Ali,Laptop,2,2024-02-16,20000,Electronics,40000
311,Ali,Mouse,4,2024-04-25,300,Accessories,1200
312,Hossein,Mouse,2,2024-01-30,300,Accessories,600
313,Niloofar,Headphones,4,2024-01-25,1500,Accessories,6000
314,Reza,Monitor,3,2024-06-04,7000,Electronics,21000
315,Niloofar,Monitor,3,2024-04-21,7000,Electronics,21000
316,Parisa,Charger,4,2024-01-25,400,Mobile,1600
317,Reza,Mouse,1,2024-03-14,300,Accessories,300
318,Mohammad,Keyboard,2,2024-02-27,500,Accessories,1000
319,Sara,Keyboard,2,2024-04-03,500,Accessories,1000
320,Mohammad,Laptop,2,2024-04-28,20000,Electronics,40000
321,Parisa,Laptop,4,2024-05-06,20000,Electronics,80000
322,Reza,Headphones,3,2024-06-17,1500,Accessories,4500
323,Fatemeh,Mouse,2,2024-01-25,300,Accessories,600
324,Parisa,Laptop,3,2024-03-18,20000,Electronics,60000
325,Fatemeh,Laptop,2,2024-04-08,20000,Electronics,40000
326,Sara,Phone,2,2024-04-25,12000,Mobile,24000
327,Ali,Mouse,4,2024-02-17,300,Accessories,1200
328,Ali,Camera,1,2024-01-10,9000,Photography,9000
329,Parisa,Headphones,4,2024-04-08,1500,Accessories,6000
330,Niloofar,Laptop,2,2024-01-11,20000,Electronics,40000
331,Reza,Headphones,2,2024-03-25,1500,Accessories,3000
332,Reza,Monitor,1,2024-05-28,7000,Electronics,7000
333,Ali,Headphones,3,2024-06-21,1500,Accessories,4500
334,Hossein,Camera,3,2024-05-14,9000,Photography,27000
335,Mohammad,Keyboard,2,2024-05-05,500,Accessories,1000
336,Hossein,Camera,3,2024-03-04,9000,Photography,27000
337,Sara,Keyboard,2,2024-01-02,500,Accessories,1000
338,Mohammad,Headphones,1,2024-03-16,1500,Accessories,1500
339,Mohammad,Keyboard,1,2024-04-30,500,Accessories,500
340,Parisa,Monitor,2,2024-02-11,7000,Electronics,14000
341,Ali,Mouse,1,2024-02-23,300,Accessories,300
342,Hossein,Keyboard,4,2024-03-15,500,Accessories,2000
343,Hossein,Keyboard,4,2024-01-16,500,Accessories,2000
344,Ali,Headphones,1,2024-01-18,1500,Accessories,1500
345,Hossein,Monitor,2,2024-03-30,7000,Electronics,14000
346,Fatemeh,Charger,2,2024-05-23,400,Mobile,800
347,Ali,Charger,1,2024-01-06,400,Mobile,400
348,Parisa,Charger,3,2024-04-17,400,Mobile,1200
349,Niloofar,Charger,4,2024-06-23,400,Mobile,1600
350,Mohammad,Mouse,3,2024-02-17,300,Accessories,900
351,Parisa,Camera,2,2024-02-11,9000,Photography,18000
352,Reza,Headphones,2,2024-03-16,1500,Accessories,3000
353,Sara,Headphones,3,2024-03-17,1500,Accessories,4500
354,Niloofar,Phone,1,2024-05-11,12000,Mobile,12000
355,Reza,Monitor,3,2024-05-09,7000,Electronics,21000
356,Mohammad,Charger,3,2024-02-28,400,Mobile,1200
357,Hossein,Mouse,4,2024-06-03,300,Accessories,1200
358,Ali,Monitor,4,2024-01-27,7000,Electronics,28000
359,Mohammad,Charger,3,2024-03-19,400,Mobile,1200
360,Parisa,Mouse,3,2024-03-12,300,Accessories,900
361,Sara,Monitor,2,2024-01-07,7000,Electronics,14000
362,Parisa,Headphones,4,2024-04-20,1500,Accessories,6000
363,Niloofar,Headphones,4,2024-04-28,1500,Accessories,6000
364,Niloofar,Camera,2,2024-06-22,9000,Photography,18000
365,Sara,Laptop,1,2024-03-03,20000,Electronics,20000
366,Fatemeh,Camera,4,2024-05-03,9000,Photography,36000
367,Reza,Keyboard,4,2024-01-12,500,Accessories,2000
368,Reza,Camera,1,2024-05-20,9000,Photography,9000
369,Niloofar,Charger,4,2024-02-12,400,Mobile,1600
370,Niloofar,Phone,4,2024-01-17,12000,Mobile,48000
371,Hossein,Monitor,1,2024-03-03,7000,Electronics,7000
372,Ali,Phone,1,2024-04-29,12000,Mobile,12000
373,Hossein,Laptop,3,2024-02-05,20000,Electronics,60000
374,Hossein,Keyboard,2,2024-01-08,500,Accessories,1000
375,Fatemeh,Monitor,2,2024-03-09,7000,Electronics,14000
376,Reza,Mouse,1,2024-03-30,300,Accessories,300
377,Fatemeh,Charger,1,2024-02-05,400,Mobile,400
378,Fatemeh,Keyboard,4,2024-01-28,500,Accessories,2000
379,Sara,Headphones,3,2024-04-27,1500,Accessories,4500
380,Reza,Laptop,3,2024-04-02,20000,Electronics,60000
381,Ali,Keyboard,1,2024-06-23,500,Accessories,500
382,Parisa,Charger,4,2024-03-16,400,Mobile,1600
383,Niloofar,Camera,4,2024-04-10,9000,Photography,36000
384,Niloofar,Keyboard,2,2024-06-06,500,Accessories,1000
385,Ali,Camera,2,2024-05-30,9000,Photography,18000
386,Fatemeh,Charger,4,2024-05-23,400,Mobile,1600
387,Hossein,Headphones,2,2024-01-14,1500,Accessories,3000
388,Sara,Monitor,1,2024-03-11,7000,Electronics,7000
389,Fatemeh,Mouse,4,2024-06-28,300,Accessories,1200
390,Niloofar,Headphones,2,2024-05-03,1500,Accessories,3000
391,Mohammad,Camera,3,2024-05-04,9000,Photography,27000
392,Hossein,Camera,4,2024-02-06,9000,Photography,36000
393,Niloofar,Mouse,4,2024-01-29,300,Accessories,1200
394,Mohammad,Monitor,3,2024-05-22,7000,Electronics,21000
395,Fatemeh,Keyboard,1,2024-06-23,500,Accessories,500
396,Ali,Mouse,3,2024-06-22,300,Accessories,900
397,Ali,Laptop,4,2024-06-28,20000,Electronics,80000
398,Hossein,Laptop,1,2024-01-19,20000,Electronics,20000
399,Niloofar,Charger,2,2024-04-15,400,Mobile,800
400,Reza,Headphones,2,2024-01-21,1500,Accessories,3000
401,Mohammad,Camera,2,2024-03-04,9000,Photography,18000
402,Sara,Monitor,4,2024-06-13,7000,Electronics,28000
403,Niloofar,Charger,3,2024-01-27,400,Mobile,1200
404,Sara,Headphones,1,2024-02-24,1500,Accessories,1500
405,Niloofar,Headphones,2,2024-01-29,1500,Accessories,3000
406,Reza,Charger,1,2024-05-27,400,Mobile,400
407,Reza,Phone,4,2024-01-25,12000,Mobile,48000
408,Hossein,Headphones,2,2024-03-10,1500,Accessories,3000
409,Hossein,Phone,4,2024-03-03,12000,Mobile,48000
410,Reza,Laptop,3,2024-06-12,20000,Electronics,60000
411,Parisa,Laptop,4,2024-05-09,20000,Electronics,80000
412,Reza,Headphones,4,2024-05-29,1500,Accessories,6000
413,Ali,Laptop,3,2024-01-16,20000,Electronics,60000
414,Ali,Monitor,1,2024-05-25,7000,Electronics,7000
415,Parisa,Phone,3,2024-04-09,12000,Mobile,36000
416,Fatemeh,Phone,3,2024-01-30,12000,Mobile,36000
417,Mohammad,Headphones,4,2024-02-14,1500,Accessories,6000
418,Fatemeh,Laptop,1,2024-01-19,20000,Electronics,20000
419,Sara,Mouse,2,2024-02-03,300,Accessories,600
420,Fatemeh,Camera,3,2024-05-20,9000,Photography,27000
421,Niloofar,Charger,1,2024-06-19,400,Mobile,400
422,Fatemeh,Charger,3,2024-03-02,400,Mobile,1200
423,Niloofar,Phone,3,2024-04-27,12000,Mobile,36000
424,Parisa,Headphones,3,2024-04-09,1500,Accessories,4500
425,Ali,Headphones,3,2024-01-22,1500,Accessories,4500
426,Hossein,Monitor,4,2024-06-28,7000,Electronics,28000
427,Niloofar,Keyboard,1,2024-06-28,500,Accessories,500
428,Ali,Camera,1,2024-04-20,9000,Photography,9000
429,Mohammad,Keyboard,1,2024-06-12,500,Accessories,500
430,Sara,Phone,3,2024-03-13,12000,Mobile,36000
431,Mohammad,Charger,4,2024-05-26,400,Mobile,1600
432,Parisa,Monitor,3,2024-02-07,7000,Electronics,21000
433,Fatemeh,Monitor,3,2024-03-10,7000,Electronics,21000
434,Fatemeh,Monitor,1,2024-04-25,7000,Electronics,7000
435,Reza,Phone,3,2024-03-19,12000,Mobile,36000
436,Reza,Keyboard,2,2024-05-27,500,Accessories,1000
437,Reza,Charger,3,2024-01-09,400,Mobile,1200
438,Mohammad,Monitor,2,2024-02-01,7000,Electronics,14000
439,Niloofar,Charger,3,2024-05-11,400,Mobile,1200
440,Sara,Laptop,4,2024-02-19,20000,Electronics,80000
441,Reza,Headphones,4,2024-03-22,1500,Accessories,6000
442,Parisa,Headphones,1,2024-01-05,1500,Accessories,1500
443,Parisa,Charger,3,2024-05-27,400,Mobile,1200
444,Reza,Mouse,2,2024-03-27,300,Accessories,600
445,Fatemeh,Mouse,2,2024-05-05,300,Accessories,600
446,Reza,Phone,3,2024-03-15,12000,Mobile,36000
447,Sara,Phone,2,2024-06-13,12000,Mobile,24000
448,Reza,Headphones,4,2024-01-22,1500,Accessories,6000
449,Sara,Laptop,2,2024-03-08,20000,Electronics,40000
450,Parisa,Camera,1,2024-02-13,9000,Photography,9000
451,Reza,Keyboard,4,2024-02-03,500,Accessories,2000
452,Mohammad,Keyboard,4,2024-03-17,500,Accessories,2000
453,Hossein,Phone,4,2024-02-11,12000,Mobile,48000
454,Mohammad,Laptop,3,2024-05-16,20000,Electronics,60000
455,Parisa,Phone,3,2024-04-15,12000,Mobile,36000
456,Sara,Camera,4,2024-04-04,9000,Photography,36000
457,Mohammad,Keyboard,3,2024-05-14,500,Accessories,1500
458,Sara,Charger,2,2024-03-08,400,Mobile,800
459,Mohammad,Phone,3,2024-05-26,12000,Mobile,36000
460,Mohammad,Monitor,3,2024-06-07,7000,Electronics,21000
461,Sara,Charger,4,2024-05-07,400,Mobile,1600
462,Niloofar,Camera,1,2024-06-11,9000,Photography,9000
463,Mohammad,Camera,1,2024-03-25,9000,Photography,9000
464,Reza,Phone,1,2024-06-07,12000,Mobile,12000
465,Hossein,Headphones,2,2024-03-23,1500,Accessories,3000
466,Parisa,Phone,3,2024-04-04,12000,Mobile,36000
467,Niloofar,Headphones,1,2024-02-01,1500,Accessories,1500
468,Sara,Camera,4,2024-03-06,9000,Photography,36000
469,Niloofar,Laptop,1,2024-04-25,20000,Electronics,20000
470,Ali,Camera,1,2024-05-17,9000,Photography,9000
471,Ali,Keyboard,3,2024-05-09,500,Accessories,1500
472,Mohammad,Charger,3,2024-02-29,400,Mobile,1200
473,Mohammad,Charger,3,2024-01-17,400,Mobile,1200
474,Reza,Mouse,2,2024-04-05,300,Accessories,600
475,Hossein,Mouse,2,2024-05-23,300,Accessories,600
476,Parisa,Camera,1,2024-01-16,9000,Photography,9000
477,Niloofar,Keyboard,3,2024-02-15,500,Accessories,1500
478,Ali,Mouse,1,2024-06-15,300,Accessories,300
479,Mohammad,Charger,4,2024-06-07,400,Mobile,1600
480,Fatemeh,Phone,4,2024-04-16,12000,Mobile,48000
481,Fatemeh,Laptop,3,2024-03-28,20000,Electronics,60000
482,Parisa,Laptop,3,2024-05-08,20000,Electronics,60000
483,Niloofar,Keyboard,4,2024-05-18,500,Accessories,2000
484,Mohammad,Camera,3,2024-04-28,9000,Photography,27000
485,Mohammad,Mouse,2,2024-03-25,300,Accessories,600
486,Ali,Phone,2,2024-01-04,12000,Mobile,24000
487,Ali,Laptop,3,2024-03-11,20000,Electronics,60000
488,Mohammad,Laptop,4,2024-06-02,20000,Electronics,80000
489,Sara,Monitor,1,2024-04-20,7000,Electronics,7000
490,Mohammad,Camera,3,2024-02-19,9000,Photography,27000
491,Parisa,Monitor,3,2024-05-19,7000,Electronics,21000
492,Mohammad,Charger,1,2024-04-04,400,Mobile,400
493,Reza,Laptop,3,2024-04-01,20000,Electronics,60000
494,Hossein,Keyboard,1,2024-03-05,500,Accessories,500
495,Reza,Headphones,4,2024-02-16,1500,Accessories,6000
496,Reza,Headphones,2,2024-04-15,1500,Accessories,3000
497,Sara,Phone,4,2024-05-09,12000,Mobile,48000
498,Sara,Laptop,2,2024-04-15,20000,Electronics,40000
499,Fatemeh,Laptop,1,2024-01-24,20000,Electronics,20000
500,Mohammad,Charger,2,2024-01-04,400,Mobile,800
501,Reza,Laptop,4,2024-04-17,20000,Electronics,80000
502,Sara,Keyboard,2,2024-01-19,500,Accessories,1000
503,Ali,Monitor,1,2024-06-02,7000,Electronics,7000
504,Mohammad,Laptop,2,2024-02-09,20000,Electronics,40000
505,Parisa,Laptop,3,2024-02-19,20000,Electronics,60000
506,Hossein,Charger,4,2024-06-19,400,Mobile,1600
507,Niloofar,Camera,3,2024-03-15,9000,Photography,27000
508,Mohammad,Mouse,1,2024-01-12,300,Accessories,300
509,Niloofar,Camera,2,2024-01-27,9000,Photography,18000
510,Reza,Charger,3,2024-04-22,400,Mobile,1200
511,Hossein,Camera,3,2024-02-18,9000,Photography,27000
512,Niloofar,Charger,2,2024-05-23,400,Mobile,800
513,Reza,Keyboard,2,2024-05-09,500,Accessories,1000
514,Ali,Phone,4,2024-02-29,12000,Mobile,48000
515,Niloofar,Laptop,3,2024-01-30,20000,Electronics,60000
516,Hossein,Charger,3,2024-03-24,400,Mobile,1200
517,Fatemeh,Charger,1,2024-06-14,400,Mobile,400
518,Mohammad,Mouse,4,2024-01-28,300,Accessories,1200
519,Reza,Charger,1,2024-01-25,400,Mobile,400
520,Mohammad,Headphones,3,2024-04-05,1500,Accessories,4500
521,Hossein,Phone,1,2024-05-04,12000,Mobile,12000
522,Sara,Laptop,3,2024-01-10,20000,Electronics,60000
523,Reza,Laptop,3,2024-02-11,20000,Electronics,60000
524,Niloofar,Mouse,1,2024-02-09,300,Accessories,300
525,Reza,Keyboard,1,2024-03-17,500,Accessories,500
526,Mohammad,Laptop,2,2024-04-14,20000,Electronics,40000
527,Ali,Headphones,2,2024-04-27,1500,Accessories,3000
528,Reza,Laptop,2,2024-02-11,20000,Electronics,40000
529,Niloofar,Headphones,3,2024-02-16,1500,Accessories,4500
530,Sara,Phone,1,2024-06-13,12000,Mobile,12000
531,Fatemeh,Phone,4,2024-01-22,12000,Mobile,48000
532,Parisa,Monitor,3,2024-04-16,7000,Electronics,21000
533,Ali,Monitor,4,2024-01-27,7000,Electronics,28000
534,Fatemeh,Headphones,1,2024-02-10,1500,Accessories,1500
535,Sara,Keyboard,3,2024-03-20,500,Accessories,1500
536,Reza,Laptop,4,2024-06-10,20000,Electronics,80000
537,Mohammad,Charger,4,2024-06-08,400,Mobile,1600
538,Hossein,Laptop,2,2024-03-29,20000,Electronics,40000
539,Mohammad,Monitor,2,2024-03-06,7000,Electronics,14000
540,Fatemeh,Camera,2,2024-01-12,9000,Photography,18000
541,Niloofar,Charger,3,2024-06-16,400,Mobile,1200
542,Mohammad,Headphones,1,2024-03-13,1500,Accessories,1500
543,Ali,Charger,1,2024-03-16,400,Mobile,400
544,Mohammad,Camera,2,2024-03-30,9000,Photography,18000
545,Niloofar,Laptop,2,2024-01-10,20000,Electronics,40000
546,Parisa,Laptop,2,2024-04-05,20000,Electronics,40000
547,Reza,Keyboard,4,2024-06-24,500,Accessories,2000
548,Hossein,Mouse,2,2024-01-20,300,Accessories,600
549,Fatemeh,Charger,4,2024-02-08,400,Mobile,1600
550,Reza,Monitor,1,2024-02-29,7000,Electronics,7000
551,Mohammad,Camera,3,2024-03-06,9000,Photography,27000
552,Sara,Camera,3,2024-03-05,9000,Photography,27000
553,Reza,Camera,3,2024-06-27,9000,Photography,27000
554,Parisa,Monitor,3,2024-05-03,7000,Electronics,21000
555,Mohammad,Mouse,4,2024-06-12,300,Accessories,1200
556,Hossein,Laptop,4,2024-05-31,20000,Electronics,80000
557,Niloofar,Keyboard,2,2024-06-03,500,Accessories,1000
558,Parisa,Keyboard,4,2024-05-09,500,Accessories,2000
559,Mohammad,Monitor,2,2024-06-07,7000,Electronics,14000
560,Parisa,Keyboard,2,2024-02-26,500,Accessories,1000
561,Reza,Camera,3,2024-03-18,9000,Photography,27000
562,Hossein,Phone,4,2024-01-29,12000,Mobile,48000
563,Niloofar,Mouse,4,2024-01-15,300,Accessories,1200
564,Mohammad,Laptop,2,2024-01-12,20000,Electronics,40000
565,Ali,Phone,2,2024-04-10,12000,Mobile,24000
566,Fatemeh,Mouse,1,2024-06-04,300,Accessories,300
567,Niloofar,Headphones,1,2024-03-24,1500,Accessories,1500
568,Ali,Charger,2,2024-05-04,400,Mobile,800
569,Parisa,Monitor,1,2024-04-12,7000,Electronics,7000
570,Sara,Camera,1,2024-01-24,9000,Photography,9000
571,Niloofar,Keyboard,2,2024-05-28,500,Accessories,1000
572,Parisa,Headphones,2,2024-05-17,1500,Accessories,3000
573,Ali,Keyboard,4,2024-04-19,500,Accessories,2000
574,Reza,Phone,2,2024-03-18,12000,Mobile,24000
575,Reza,Laptop,2,2024-04-10,20000,Electronics,40000
576,Sara,Laptop,3,2024-05-25,20000,Electronics,60000
577,Fatemeh,Laptop,4,2024-05-21,20000,Electronics,80000
578,Niloofar,Camera,4,2024-06-10,9000,Photography,36000
579,Niloofar,Keyboard,4,2024-05-07,500,Accessories,2000
580,Niloofar,Headphones,3,2024-02-27,1500,Accessories,4500
581,Fatemeh,Laptop,2,2024-03-16,20000,Electronics,40000
582,Parisa,Headphones,4,2024-05-29,1500,Accessories,6000
583,Hossein,Keyboard,4,2024-02-05,500,Accessories,2000
584,Hossein,Camera,1,2024-06-21,9000,Photography,9000
585,Sara,Phone,4,2024-06-12,12000,Mobile,48000
586,Niloofar,Camera,2,2024-01-22,9000,Photography,18000
587,Parisa,Headphones,2,2024-05-06,1500,Accessories,3000
588,Reza,Camera,1,2024-03-20,9000,Photography,9000
589,Ali,Camera,4,2024-04-09,9000,Photography,36000
590,Parisa,Phone,4,2024-04-05,12000,Mobile,48000
591,Fatemeh,Keyboard,4,2024-06-09,500,Accessories,2000
592,Hossein,Keyboard,3,2024-06-21,500,Accessories,1500
593,Hossein,Monitor,4,2024-06-12,7000,Electronics,28000
594,Reza,Camera,2,2024-05-27,9000,Photography,18000
595,Reza,Keyboard,2,2024-01-18,500,Accessories,1000
596,Fatemeh,Keyboard,3,2024-02-07,500,Accessories,1500
597,Ali,Mouse,3,2024-05-30,300,Accessories,900
598,Reza,Laptop,4,2024-04-18,20000,Electronics,80000
599,Sara,Monitor,1,2024-05-02,7000,Electronics,7000
600,Ali,Charger,3,2024-05-23,400,Mobile,1200
601,Reza,Monitor,3,2024-05-28,7000,Electronics,21000
602,Mohammad,Monitor,4,2024-04-13,7000,Electronics,28000
603,Parisa,Charger,4,2024-05-19,400,Mobile,1600
604,Reza,Mouse,3,2024-05-23,300,Accessories,900
605,Sara,Camera,1,2024-03-21,9000,Photography,9000
606,Niloofar,Phone,3,2024-03-27,12000,Mobile,36000
607,Reza,Keyboard,4,2024-05-21,500,Accessories,2000
608,Hossein,Laptop,4,2024-03-01,20000,Electronics,80000
609,Hossein,Headphones,3,2024-02-15,1500,Accessories,4500
610,Hossein,Camera,1,2024-02-01,9000,Photography,9000
611,Niloofar,Charger,3,2024-01-15,400,Mobile,1200
612,Hossein,Phone,3,2024-02-13,12000,Mobile,36000
613,Mohammad,Camera,4,2024-05-24,9000,Photography,36000
614,Reza,Charger,1,2024-06-17,400,Mobile,400
615,Fatemeh,Keyboard,2,2024-02-23,500,Accessories,1000
616,Hossein,Mouse,1,2024-02-13,300,Accessories,300
617,Ali,Camera,3,2024-04-07,9000,Photography,27000
618,Fatemeh,Charger,3,2024-01-05,400,Mobile,1200
619,Niloofar,Keyboard,3,2024-04-18,500,Accessories,1500
620,Mohammad,Keyboard,1,2024-01-27,500,Accessories,500
621,Ali,Mouse,4,2024-04-25,300,Accessories,1200
622,Ali,Monitor,3,2024-03-27,7000,Electronics,21000
623,Ali,Camera,3,2024-04-13,9000,Photography,27000
624,Ali,Camera,1,2024-05-02,9000,Photography,9000
625,Fatemeh,Monitor,2,2024-03-19,7000,Electronics,14000
626,Fatemeh,Laptop,2,2024-02-12,20000,Electronics,40000
627,Reza,Laptop,4,2024-04-06,20000,Electronics,80000
628,Hossein,Monitor,4,2024-01-31,7000,Electronics,28000
629,Parisa,Phone,3,2024-04-08,12000,Mobile,36000
630,Reza,Headphones,1,2024-01-17,1500,Accessories,1500
631,Reza,Keyboard,3,2024-03-23,500,Accessories,1500
632,Mohammad,Headphones,4,2024-04-19,1500,Accessories,6000
633,Mohammad,Keyboard,1,2024-02-01,500,Accessories,500
634,Hossein,Monitor,1,2024-06-16,7000,Electronics,7000
635,Parisa,Laptop,4,2024-05-20,20000,Electronics,80000
636,Mohammad,Phone,2,2024-02-04,12000,Mobile,24000
637,Hossein,Laptop,2,2024-05-12,20000,Electronics,40000
638,Hossein,Headphones,1,2024-01-29,1500,Accessories,1500
639,Fatemeh,Laptop,3,2024-03-10,20000,Electronics,60000
640,Sara,Monitor,2,2024-06-01,7000,Electronics,14000
641,Fatemeh,Phone,3,2024-04-04,12000,Mobile,36000
642,Parisa,Headphones,2,2024-01-22,1500,Accessories,3000
643,Mohammad,Phone,2,2024-06-21,12000,Mobile,24000
644,Parisa,Camera,3,2024-03-09,9000,Photography,27000
645,Reza,Keyboard,4,2024-03-29,500,Accessories,2000
646,Reza,Laptop,2,2024-03-12,20000,Electronics,40000
647,Parisa,Phone,2,2024-05-08,12000,Mobile,24000
648,Sara,Mouse,3,2024-06-20,300,Accessories,900
649,Sara,Camera,4,2024-03-27,9000,Photography,36000
650,Fatemeh,Laptop,2,2024-04-05,20000,Electronics,40000
651,Parisa,Keyboard,2,2024-03-15,500,Accessories,1000
652,Mohammad,Phone,4,2024-06-15,12000,Mobile,48000
653,Fatemeh,Headphones,2,2024-02-23,1500,Accessories,3000
654,Niloofar,Keyboard,4,2024-03-28,500,Accessories,2000
655,Sara,Mouse,4,2024-06-05,300,Accessories,1200
656,Ali,Phone,3,2024-02-23,12000,Mobile,36000
657,Fatemeh,Charger,1,2024-01-16,400,Mobile,400
658,Reza,Charger,4,2024-04-08,400,Mobile,1600
659,Fatemeh,Monitor,3,2024-01-20,7000,Electronics,21000
660,Parisa,Laptop,1,2024-02-15,20000,Electronics,20000
661,Ali,Headphones,2,2024-05-06,1500,Accessories,3000
662,Parisa,Monitor,1,2024-02-27,7000,Electronics,7000
663,Hossein,Phone,4,2024-04-20,12000,Mobile,48000
664,Reza,Charger,4,2024-05-08,400,Mobile,1600
665,Reza,Charger,4,2024-03-21,400,Mobile,1600
666,Sara,Charger,4,2024-06-05,400,Mobile,1600
667,Fatemeh,Phone,4,2024-03-24,12000,Mobile,48000
668,Sara,Charger,3,2024-03-10,400,Mobile,1200
669,Ali,Keyboard,4,2024-01-08,500,Accessories,2000
670,Fatemeh,Camera,3,2024-01-29,9000,Photography,27000
671,Hossein,Phone,2,2024-04-21,12000,Mobile,24000
672,Parisa,Headphones,4,2024-06-27,1500,Accessories,6000
673,Hossein,Camera,4,2024-06-09,9000,Photography,36000
674,Reza,Monitor,1,2024-05-10,7000,Electronics,7000
675,Ali,Headphones,2,2024-06-11,1500,Accessories,3000
676,Niloofar,Camera,4,2024-04-17,9000,Photography,36000
677,Ali,Mouse,4,2024-04-18,300,Accessories,1200
678,Mohammad,Charger,2,2024-01-20,400,Mobile,800
679,Ali,Mouse,3,2024-03-13,300,Accessories,900
680,Hossein,Laptop,4,2024-06-15,20000,Electronics,80000
681,Mohammad,Laptop,1,2024-01-04,20000,Electronics,20000
682,Mohammad,Camera,4,2024-01-19,9000,Photography,36000
683,Fatemeh,Mouse,1,2024-04-11,300,Accessories,300
684,Fatemeh,Phone,1,2024-06-21,12000,Mobile,12000
685,Mohammad,Headphones,4,2024-06-19,1500,Accessories,6000
686,Niloofar,Mouse,4,2024-05-20,300,Accessories,1200
687,Fatemeh,Laptop,1,2024-05-20,20000,Electronics,20000
688,Ali,Mouse,2,2024-03-26,300,Accessories,600
689,Hossein,Phone,2,2024-02-21,12000,Mobile,24000
690,Ali,Mouse,4,2024-04-20,300,Accessories,1200
691,Niloofar,Headphones,3,2024-04-18,1500,Accessories,4500
692,Reza,Monitor,2,2024-03-26,7000,Electronics,14000
693,Sara,Phone,4,2024-02-12,12000,Mobile,48000
694,Hossein,Laptop,2,2024-02-11,20000,Electronics,40000
695,Fatemeh,Headphones,3,2024-03-30,1500,Accessories,4500
696,Hossein,Mouse,4,2024-04-24,300,Accessories,1200
697,Ali,Mouse,3,2024-01-26,300,Accessories,900
698,Sara,Monitor,4,2024-05-30,7000,Electronics,28000
699,Parisa,Laptop,3,2024-02-12,20000,Electronics,60000
700,Parisa,Laptop,2,2024-03-17,20000,Electronics,40000
701,Fatemeh,Keyboard,2,2024-06-04,500,Accessories,1000
702,Niloofar,Laptop,3,2024-05-16,20000,Electronics,60000
703,Parisa,Monitor,3,2024-01-20,7000,Electronics,21000
704,Hossein,Charger,3,2024-02-08,400,Mobile,1200
705,Parisa,Keyboard,4,2024-06-27,500,Accessories,2000
706,Reza,Keyboard,2,2024-01-12,500,Accessories,1000
707,Reza,Mouse,4,2024-01-11,300,Accessories,1200
708,Fatemeh,Mouse,2,2024-06-02,300,Accessories,600
709,Reza,Laptop,1,2024-02-11,20000,Electronics,20000
710,Parisa,Keyboard,4,2024-06-03,500,Accessories,2000
711,Niloofar,Camera,2,2024-01-11,9000,Photography,18000
712,Mohammad,Mouse,2,2024-02-07,300,Accessories,600
713,Mohammad,Monitor,4,2024-04-07,7000,Electronics,28000
714,Fatemeh,Camera,4,2024-06-19,9000,Photography,36000
715,Sara,Mouse,2,2024-01-19,300,Accessories,600
716,Mohammad,Phone,4,2024-05-13,12000,Mobile,48000
717,Mohammad,Phone,3,2024-06-22,12000,Mobile,36000
718,Reza,Mouse,4,2024-04-25,300,Accessories,1200
719,Reza,Keyboard,4,2024-04-22,500,Accessories,2000
720,Parisa,Charger,4,2024-06-18,400,Mobile,1600
721,Fatemeh,Charger,2,2024-03-05,400,Mobile,800
722,Sara,Keyboard,3,2024-04-08,500,Accessories,1500
723,Fatemeh,Headphones,1,2024-03-12,1500,Accessories,1500
724,Ali,Charger,1,2024-02-21,400,Mobile,400
725,Hossein,Phone,3,2024-04-27,12000,Mobile,36000
726,Sara,Monitor,3,2024-06-23,7000,Electronics,21000
727,Sara,Keyboard,3,2024-04-29,500,Accessories,1500
728,Niloofar,Laptop,2,2024-01-07,20000,Electronics,40000
729,Fatemeh,Phone,1,2024-01-11,12000,Mobile,12000
730,Parisa,Monitor,3,2024-04-12,7000,Electronics,21000
731,Niloofar,Monitor,2,2024-03-01,7000,Electronics,14000
732,Sara,Keyboard,1,2024-03-08,500,Accessories,500
733,Sara,Monitor,4,2024-06-01,7000,Electronics,28000
734,Sara,Keyboard,2,2024-05-19,500,Accessories,1000
735,Mohammad,Charger,1,2024-06-02,400,Mobile,400
736,Fatemeh,Mouse,2,2024-04-11,300,Accessories,600
737,Hossein,Phone,1,2024-04-19,12000,Mobile,12000
738,Hossein,Headphones,1,2024-05-19,1500,Accessories,1500
739,Niloofar,Mouse,4,2024-06-19,300,Accessories,1200
740,Sara,Phone,2,2024-02-20,12000,Mobile,24000
741,Hossein,Keyboard,3,2024-04-26,500,Accessories,1500
742,Reza,Phone,4,2024-06-13,12000,Mobile,48000
743,Fatemeh,Charger,4,2024-02-15,400,Mobile,1600
744,Hossein,Keyboard,1,2024-02-22,500,Accessories,500
745,Parisa,Mouse,3,2024-03-28,300,Accessories,900
746,Fatemeh,Laptop,2,2024-04-30,20000,Electronics,40000
747,Parisa,Laptop,3,2024-01-13,20000,Electronics,60000
748,Hossein,Camera,3,2024-03-29,9000,Photography,27000
749,Reza,Camera,3,2024-05-04,9000,Photography,27000
750,Parisa,Phone,3,2024-04-27,12000,Mobile,36000
751,Mohammad,Laptop,3,2024-02-23,20000,Electronics,60000
752,Hossein,Keyboard,1,2024-04-25,500,Accessories,500
753,Mohammad,Monitor,1,2024-04-27,7000,Electronics,7000
754,Hossein,Keyboard,4,2024-01-04,500,Accessories,2000
755,Ali,Monitor,1,2024-03-15,7000,Electronics,7000
756,Ali,Mouse,4,2024-02-18,300,Accessories,1200
757,Ali,Headphones,4,2024-01-07,1500,Accessories,6000
758,Parisa,Monitor,2,2024-04-19,7000,Electronics,14000
759,Mohammad,Laptop,3,2024-05-01,20000,Electronics,60000
760,Mohammad,Keyboard,1,2024-01-11,500,Accessories,500
761,Mohammad,Mouse,2,2024-04-01,300,Accessories,600
762,Reza,Laptop,1,2024-06-21,20000,Electronics,20000
763,Mohammad,Mouse,4,2024-01-23,300,Accessories,1200
764,Reza,Headphones,1,2024-01-28,1500,Accessories,1500
765,Ali,Charger,3,2024-04-20,400,Mobile,1200
766,Ali,Keyboard,4,2024-02-26,500,Accessories,2000
767,Parisa,Phone,4,2024-01-26,12000,Mobile,48000
768,Hossein,Keyboard,2,2024-06-01,500,Accessories,1000
769,Ali,Camera,3,2024-02-23,9000,Photography,27000
770,Hossein,Headphones,4,2024-01-29,1500,Accessories,6000
771,Hossein,Keyboard,3,2024-04-06,500,Accessories,1500
772,Fatemeh,Camera,1,2024-06-12,9000,Photography,9000
773,Parisa,Phone,3,2024-01-14,12000,Mobile,36000
774,Sara,Monitor,4,2024-03-18,7000,Electronics,28000
775,Sara,Mouse,2,2024-02-04,300,Accessories,600
776,Niloofar,Phone,4,2024-01-30,12000,Mobile,48000
777,Fatemeh,Laptop,3,2024-04-01,20000,Electronics,60000
778,Parisa,Headphones,3,2024-01-17,1500,Accessories,4500
779,Niloofar,Monitor,4,2024-06-06,7000,Electronics,28000
780,Niloofar,Laptop,3,2024-04-02,20000,Electronics,60000
781,Fatemeh,Laptop,1,2024-06-21,20000,Electronics,20000
782,Sara,Headphones,4,2024-03-19,1500,Accessories,6000
783,Parisa,Monitor,2,2024-04-19,7000,Electronics,14000
784,Sara,Charger,4,2024-06-27,400,Mobile,1600
785,Niloofar,Laptop,1,2024-04-11,20000,Electronics,20000
786,Parisa,Laptop,1,2024-04-15,20000,Electronics,20000
787,Niloofar,Monitor,1,2024-02-16,7000,Electronics,7000
788,Mohammad,Keyboard,1,2024-03-04,500,Accessories,500
789,Fatemeh,Laptop,1,2024-06-14,20000,Electronics,20000
790,Hossein,Mouse,2,2024-03-04,300,Accessories,600
791,Parisa,Monitor,3,2024-03-27,7000,Electronics,21000
792,Parisa,Laptop,1,2024-01-07,20000,Electronics,20000
793,Hossein,Headphones,1,2024-01-22,1500,Accessories,1500
794,Niloofar,Phone,4,2024-03-21,12000,Mobile,48000
795,Mohammad,Mouse,2,2024-06-17,300,Accessories,600
796,Reza,Camera,2,2024-03-14,9000,Photography,18000
797,Hossein,Camera,3,2024-05-17,9000,Photography,27000
798,Fatemeh,Phone,2,2024-05-14,12000,Mobile,24000
799,Sara,Camera,4,2024-05-04,9000,Photography,36000
800,Niloofar,Phone,4,2024-02-19,12000,Mobile,48000
801,Hossein,Laptop,3,2024-02-21,20000,Electronics,60000
802,Hossein,Mouse,4,2024-06-09,300,Accessories,1200
803,Parisa,Mouse,1,2024-01-01,300,Accessories,300
804,Sara,Keyboard,1,2024-06-10,500,Accessories,500
805,Sara,Phone,4,2024-01-04,12000,Mobile,48000
806,Fatemeh,Mouse,3,2024-05-24,300,Accessories,900
807,Sara,Keyboard,2,2024-05-11,500,Accessories,1000
808,Hossein,Monitor,3,2024-06-19,7000,Electronics,21000
809,Reza,Keyboard,2,2024-01-04,500,Accessories,1000
810,Ali,Headphones,4,2024-01-01,1500,Accessories,6000
811,Niloofar,Charger,4,2024-03-11,400,Mobile,1600
812,Ali,Laptop,1,2024-06-26,20000,Electronics,20000
813,Hossein,Monitor,2,2024-02-04,7000,Electronics,14000
814,Ali,Charger,3,2024-01-08,400,Mobile,1200
815,Hossein,Charger,4,2024-05-31,400,Mobile,1600
816,Ali,Monitor,3,2024-02-05,7000,Electronics,21000
817,Sara,Headphones,1,2024-06-26,1500,Accessories,1500
818,Mohammad,Keyboard,2,2024-05-02,500,Accessories,1000
819,Sara,Laptop,2,2024-02-12,20000,Electronics,40000
820,Sara,Keyboard,4,2024-01-27,500,Accessories,2000
821,Fatemeh,Mouse,2,2024-02-01,300,Accessories,600
822,Parisa,Keyboard,4,2024-03-18,500,Accessories,2000
823,Parisa,Camera,1,2024-04-30,9000,Photography,9000
824,Ali,Monitor,2,2024-05-25,7000,Electronics,14000
825,Hossein,Laptop,4,2024-06-04,20000,Electronics,80000
826,Fatemeh,Keyboard,3,2024-06-05,500,Accessories,1500
827,Sara,Laptop,4,2024-01-16,20000,Electronics,80000
828,Fatemeh,Laptop,2,2024-04-08,20000,Electronics,40000
829,Ali,Mouse,1,2024-02-16,300,Accessories,300
830,Parisa,Mouse,2,2024-01-31,300,Accessories,600
831,Mohammad,Monitor,2,2024-01-04,7000,Electronics,14000
832,Niloofar,Headphones,4,2024-06-13,1500,Accessories,6000
833,Ali,Camera,3,2024-01-17,9000,Photography,27000
834,Fatemeh,Charger,2,2024-02-08,400,Mobile,800
835,Mohammad,Laptop,3,2024-02-17,20000,Electronics,60000
836,Niloofar,Headphones,4,2024-06-22,1500,Accessories,6000
837,Reza,Charger,3,2024-06-24,400,Mobile,1200
838,Ali,Charger,4,2024-02-08,400,Mobile,1600
839,Ali,Camera,1,2024-05-11,9000,Photography,9000
840,Reza,Monitor,3,2024-01-30,7000,Electronics,21000
841,Reza,Charger,3,2024-06-06,400,Mobile,1200
842,Ali,Camera,1,2024-01-22,9000,Photography,9000
843,Reza,Charger,3,2024-03-06,400,Mobile,1200
844,Sara,Laptop,1,2024-04-17,20000,Electronics,20000
845,Niloofar,Laptop,2,2024-01-12,20000,Electronics,40000
846,Niloofar,Phone,4,2024-02-05,12000,Mobile,48000
847,Niloofar,Headphones,1,2024-01-18,1500,Accessories,1500
848,Sara,Keyboard,3,2024-03-30,500,Accessories,1500
849,Hossein,Camera,1,2024-01-01,9000,Photography,9000
850,Reza,Mouse,3,2024-05-06,300,Accessories,900
851,Mohammad,Camera,2,2024-03-30,9000,Photography,18000
852,Reza,Keyboard,1,2024-03-27,500,Accessories,500
853,Ali,Headphones,2,2024-03-30,1500,Accessories,3000
854,Parisa,Mouse,4,2024-05-13,300,Accessories,1200
855,Fatemeh,Keyboard,3,2024-03-10,500,Accessories,1500
856,Fatemeh,Phone,3,2024-02-13,12000,Mobile,36000
857,Niloofar,Mouse,2,2024-05-31,300,Accessories,600
858,Reza,Laptop,4,2024-03-26,20000,Electronics,80000
859,Mohammad,Keyboard,1,2024-01-19,500,Accessories,500
860,Ali,Camera,1,2024-04-10,9000,Photography,9000
861,Sara,Mouse,3,2024-05-25,300,Accessories,900
862,Hossein,Phone,2,2024-04-04,12000,Mobile,24000
863,Sara,Camera,2,2024-04-10,9000,Photography,18000
864,Mohammad,Charger,1,2024-01-30,400,Mobile,400
865,Ali,Mouse,4,2024-06-18,300,Accessories,1200
866,Niloofar,Mouse,4,2024-02-02,300,Accessories,1200
867,Reza,Phone,1,2024-01-12,12000,Mobile,12000
868,Ali,Charger,1,2024-04-27,400,Mobile,400
869,Fatemeh,Keyboard,2,2024-04-03,500,Accessories,1000
870,Hossein,Monitor,4,2024-06-03,7000,Electronics,28000
871,Sara,Keyboard,1,2024-06-15,500,Accessories,500
872,Hossein,Charger,1,2024-05-16,400,Mobile,400
873,Hossein,Headphones,3,2024-05-28,1500,Accessories,4500
874,Mohammad,Camera,1,2024-03-16,9000,Photography,9000
875,Mohammad,Phone,1,2024-01-29,12000,Mobile,12000
876,Reza,Keyboard,4,2024-06-09,500,Accessories,2000
877,Mohammad,Mouse,2,2024-04-26,300,Accessories,600
878,Mohammad,Phone,4,2024-01-15,12000,Mobile,48000
879,Ali,Laptop,2,2024-01-02,20000,Electronics,40000
880,Fatemeh,Charger,3,2024-06-28,400,Mobile,1200
881,Niloofar,Camera,1,2024-04-26,9000,Photography,9000
882,Reza,Keyboard,3,2024-06-20,500,Accessories,1500
883,Ali,Phone,2,2024-01-18,12000,Mobile,24000
884,Niloofar,Camera,4,2024-01-03,9000,Photography,36000
885,Hossein,Keyboard,4,2024-05-14,500,Accessories,2000
886,Ali,Phone,3,2024-06-19,12000,Mobile,36000
887,Parisa,Mouse,2,2024-06-14,300,Accessories,600
888,Ali,Laptop,3,2024-06-13,20000,Electronics,60000
889,Mohammad,Laptop,3,2024-06-09,20000,Electronics,60000
890,Niloofar,Headphones,1,2024-04-17,1500,Accessories,1500
891,Reza,Phone,3,2024-04-04,12000,Mobile,36000
892,Reza,Keyboard,1,2024-05-01,500,Accessories,500
893,Niloofar,Laptop,1,2024-01-11,20000,Electronics,20000
894,Mohammad,Charger,4,2024-03-08,400,Mobile,1600
895,Sara,Laptop,1,2024-05-02,20000,Electronics,20000
896,Ali,Monitor,1,2024-04-22,7000,Electronics,7000
897,Mohammad,Monitor,4,2024-04-07,7000,Electronics,28000
898,Parisa,Laptop,3,2024-04-02,20000,Electronics,60000
899,Fatemeh,Phone,2,2024-01-22,12000,Mobile,24000
900,Hossein,Headphones,2,2024-06-20,1500,Accessories,3000
901,Niloofar,Laptop,2,2024-05-06,20000,Electronics,40000
902,Fatemeh,Mouse,3,2024-05-13,300,Accessories,900
903,Ali,Camera,1,2024-06-18,9000,Photography,9000
904,Reza,Keyboard,2,2024-01-25,500,Accessories,1000
905,Hossein,Headphones,3,2024-03-25,1500,Accessories,4500
906,Fatemeh,Mouse,1,2024-02-24,300,Accessories,300
907,Sara,Headphones,4,2024-05-23,1500,Accessories,6000
908,Fatemeh,Mouse,2,2024-04-04,300,Accessories,600
909,Parisa,Keyboard,1,2024-05-21,500,Accessories,500
910,Reza,Keyboard,2,2024-06-15,500,Accessories,1000
911,Niloofar,Monitor,2,2024-06-04,7000,Electronics,14000
912,Ali,Phone,2,2024-06-27,12000,Mobile,24000
913,Niloofar,Mouse,1,2024-04-28,300,Accessories,300
914,Hossein,Camera,3,2024-06-25,9000,Photography,27000
915,Ali,Monitor,1,2024-01-09,7000,Electronics,7000
916,Mohammad,Mouse,2,2024-06-21,300,Accessories,600
917,Sara,Monitor,1,2024-05-29,7000,Electronics,7000
918,Mohammad,Keyboard,4,2024-06-08,500,Accessories,2000
919,Mohammad,Headphones,3,2024-02-11,1500,Accessories,4500
920,Niloofar,Charger,1,2024-02-22,400,Mobile,400
921,Hossein,Monitor,4,2024-03-14,7000,Electronics,28000
922,Sara,Mouse,3,2024-02-08,300,Accessories,900
923,Fatemeh,Mouse,4,2024-05-01,300,Accessories,1200
924,Ali,Charger,3,2024-01-15,400,Mobile,1200
925,Ali,Phone,1,2024-06-05,12000,Mobile,12000
926,Parisa,Camera,4,2024-05-02,9000,Photography,36000
927,Reza,Keyboard,2,2024-04-20,500,Accessories,1000
928,Parisa,Mouse,4,2024-05-10,300,Accessories,1200
929,Fatemeh,Laptop,3,2024-03-23,20000,Electronics,60000
930,Parisa,Headphones,1,2024-01-10,1500,Accessories,1500
931,Ali,Monitor,3,2024-04-01,7000,Electronics,21000
932,Niloofar,Phone,4,2024-01-29,12000,Mobile,48000
933,Mohammad,Camera,4,2024-02-04,9000,Photography,36000
934,Hossein,Charger,2,2024-01-06,400,Mobile,800
935,Mohammad,Headphones,1,2024-05-19,1500,Accessories,1500
936,Mohammad,Keyboard,1,2024-04-20,500,Accessories,500
937,Sara,Phone,4,2024-02-07,12000,Mobile,48000
938,Ali,Camera,1,2024-03-17,9000,Photography,9000
939,Fatemeh,Monitor,2,2024-04-02,7000,Electronics,14000
940,Fatemeh,Monitor,3,2024-05-26,7000,Electronics,21000
941,Hossein,Charger,1,2024-03-07,400,Mobile,400
942,Niloofar,Laptop,4,2024-05-15,20000,Electronics,80000
943,Sara,Charger,3,2024-01-08,400,Mobile,1200
944,Reza,Keyboard,3,2024-05-01,500,Accessories,1500
945,Niloofar,Phone,2,2024-03-24,12000,Mobile,24000
946,Parisa,Phone,4,2024-06-23,12000,Mobile,48000
947,Niloofar,Mouse,1,2024-05-11,300,Accessories,300
948,Niloofar,Laptop,4,2024-06-27,20000,Electronics,80000
949,Mohammad,Laptop,3,2024-03-25,20000,Electronics,60000
950,Niloofar,Phone,4,2024-02-14,12000,Mobile,48000
951,Fatemeh,Phone,1,2024-05-15,12000,Mobile,12000
952,Parisa,Headphones,1,2024-03-27,1500,Accessories,1500
953,Parisa,Camera,2,2024-01-16,9000,Photography,18000
954,Ali,Headphones,1,2024-03-17,1500,Accessories,1500
955,Niloofar,Headphones,1,2024-01-09,1500,Accessories,1500
956,Mohammad,Laptop,4,2024-02-29,20000,Electronics,80000
957,Niloofar,Mouse,4,2024-03-18,300,Accessories,1200
958,Reza,Monitor,3,2024-03-17,7000,Electronics,21000
959,Reza,Headphones,2,2024-03-11,1500,Accessories,3000
960,Mohammad,Mouse,4,2024-01-15,300,Accessories,1200
961,Ali,Charger,1,2024-03-11,400,Mobile,400
962,Ali,Keyboard,3,2024-04-11,500,Accessories,1500
963,Parisa,Headphones,4,2024-06-17,1500,Accessories,6000
964,Parisa,Charger,2,2024-01-22,400,Mobile,800
965,Sara,Monitor,2,2024-05-31,7000,Electronics,14000
966,Mohammad,Keyboard,3,2024-04-22,500,Accessories,1500
967,Niloofar,Keyboard,3,2024-06-20,500,Accessories,1500
968,Hossein,Monitor,3,2024-01-01,7000,Electronics,21000
969,Mohammad,Headphones,3,2024-01-10,1500,Accessories,4500
970,Sara,Laptop,3,2024-04-19,20000,Electronics,60000
971,Parisa,Monitor,1,2024-04-22,7000,Electronics,7000
972,Mohammad,Monitor,1,2024-02-19,7000,Electronics,7000
973,Mohammad,Monitor,4,2024-01-12,7000,Electronics,28000
974,Parisa,Keyboard,2,2024-03-29,500,Accessories,1000
975,Fatemeh,Camera,1,2024-06-02,9000,Photography,9000
976,Sara,Mouse,1,2024-04-21,300,Accessories,300
977,Parisa,Charger,1,2024-03-18,400,Mobile,400
978,Ali,Laptop,4,2024-06-17,20000,Electronics,80000
979,Niloofar,Headphones,3,2024-06-12,1500,Accessories,4500
980,Parisa,Headphones,4,2024-04-30,1500,Accessories,6000
981,Sara,Charger,2,2024-01-23,400,Mobile,800
982,Reza,Mouse,2,2024-06-19,300,Accessories,600
983,Ali,Monitor,2,2024-05-13,7000,Electronics,14000
984,Reza,Camera,2,2024-06-19,9000,Photography,18000
985,Hossein,Laptop,1,2024-01-25,20000,Electronics,20000
986,Parisa,Headphones,1,2024-01-18,1500,Accessories,1500
987,Ali,Charger,4,2024-05-20,400,Mobile,1600
988,Niloofar,Phone,3,2024-02-12,12000,Mobile,36000
989,Parisa,Camera,2,2024-03-18,9000,Photography,18000
990,Niloofar,Charger,4,2024-01-28,400,Mobile,1600
991,Fatemeh,Camera,1,2024-05-25,9000,Photography,9000
992,Mohammad,Headphones,1,2024-02-28,1500,Accessories,1500
993,Reza,Monitor,3,2024-03-03,7000,Electronics,21000
994,Ali,Phone,3,2024-04-01,12000,Mobile,36000
995,Niloofar,Mouse,3,2024-06-27,300,Accessories,900
996,Sara,Laptop,4,2024-02-25,20000,Electronics,80000
997,Niloofar,Mouse,1,2024-06-03,300,Accessories,300
998,Sara,Mouse,1,2024-06-08,300,Accessories,300
999,Parisa,Charger,3,2024-04-20,400,Mobile,1200
1000,Ali,Camera,2,2024-05-16,9000,Photography,18000
